HELOC,IRA,Checking
Mortgage,CD,Checking,CD
CD,Checking,Credit Card
IRA,CD,HELOC
Credit Card,CD
Mortgage,CD,IRA
IRA,Credit Card
HELOC,Checking,CD
Credit Card,HELOC,Checking,Mortgage
CD,Savings,Credit Card
IRA,IRA,Mortgage,HELOC
Credit Card,Checking,CD
CD,Mortgage,Savings,IRA,Checking
Mortgage,Savings,IRA
Savings,CD,Checking,IRA,HELOC
IRA,CD,Mortgage,Checking
Credit Card,Mortgage,Savings
Checking,HELOC,Mortgage
CD,Savings
HELOC,IRA,Checking
CD,Checking,Savings
IRA,CD,Checking,HELOC
HELOC,Credit Card,HELOC
IRA,Mortgage
HELOC,CD,Credit Card
Credit Card,Checking,IRA
Mortgage,Savings,CD
Checking,Credit Card
IRA,Savings,Checking
CD,Savings,Credit Card
IRA,Checking,Mortgage,Credit Card
Savings,Credit Card,IRA
Credit Card,Checking,Savings,HELOC,Credit Card
HELOC,Credit Card,CD
Savings,Checking,Credit Card,IRA
Mortgage,Credit Card
Checking,HELOC,Mortgage
Checking,Savings,Mortgage
Savings,HELOC
Savings,Checking,CD
HELOC,Checking,Mortgage
Credit Card,HELOC,CD
Savings,IRA,Credit Card,IRA,Checking,HELOC
CD,HELOC,Checking
Checking,HELOC,CD
Mortgage,Savings,Credit Card,Savings
Checking,IRA,CD
Credit Card,IRA
Checking,IRA,Mortgage
IRA,Credit Card,Mortgage
CD,Savings,Mortgage
HELOC,CD,Credit Card
Mortgage,CD
IRA,CD,Mortgage
CD,Mortgage,Savings
HELOC,IRA,Checking,Mortgage
Checking,Mortgage,HELOC
HELOC,CD,Credit Card,CD
Checking,IRA,Checking
Mortgage,Credit Card
Mortgage,HELOC,Checking,Savings,Credit Card
CD,Mortgage
Checking,Mortgage,Savings,Credit Card
Savings,IRA,CD
Credit Card,CD,Savings,Checking
Credit Card,IRA,Mortgage
CD,Credit Card
IRA,CD
CD,Credit Card,IRA
Credit Card,Mortgage,Checking,HELOC
Savings,Checking,CD
Savings,Checking,CD,IRA
HELOC,IRA,Credit Card,Checking,CD
Savings,Checking,HELOC
Checking,IRA
Savings,Mortgage,Credit Card
Credit Card,CD,Mortgage
Checking,Mortgage
IRA,Savings,HELOC,CD
HELOC,HELOC,IRA
Checking,Savings
