Yesterday,All You Need Is Love,Blackbird,Yellow Submarine,A Day In The Life,Here Comes the Sun
Hey Jude,Come Together,Blackbird,A Day In The Life,Here Comes the Sun
Come Together,Blackbird,Across the Universe,Here Comes the Sun
Blackbird,A Day In The Life,Here Comes the Sun
Come Together,Blackbird,Yellow Submarine,A Day In The Life,Across the Universe
Hey Jude,All You Need Is Love,Here Comes the Sun
Yesterday,Come Together,All You Need Is Love,Yellow Submarine,Across the Universe
Hey Jude,Come Together,Blackbird,A Day In The Life,Across the Universe
Hey Jude,Come Together,Yellow Submarine
Yesterday,A Day In The Life,Across the Universe,Here Comes the Sun
Come Together,Blackbird
Hey Jude,Come Together,Across the Universe,Here Comes the Sun
Hey Jude,All You Need Is Love
Come Together,All You Need Is Love,Blackbird,Here Comes the Sun
Hey Jude,All You Need Is Love,A Day In The Life,Across the Universe
Hey Jude,Blackbird,Yellow Submarine,Across the Universe
A Day In The Life,Across the Universe,Here Comes the Sun
Hey Jude,Come Together,Yellow Submarine,A Day In The Life,Across the Universe
Come Together,A Day In The Life
Yesterday,Come Together,All You Need Is Love,Across the Universe
Yesterday,Come Together,Blackbird,Across the Universe
Yesterday,Hey Jude,All You Need Is Love,Blackbird,Yellow Submarine,Across the Universe
Come Together,Across the Universe,Here Comes the Sun
Yesterday,All You Need Is Love,Blackbird,A Day In The Life
Yesterday,Hey Jude,Come Together,All You Need Is Love,Yellow Submarine,A Day In The Life,Across the Universe,Here Comes the Sun
Yesterday,Hey Jude,All You Need Is Love,Blackbird,Yellow Submarine,Across the Universe,Here Comes the Sun
Yesterday,Hey Jude,Come Together,A Day In The Life,Here Comes the Sun
Yesterday,Hey Jude,Here Comes the Sun
Yesterday,Hey Jude,A Day In The Life,Across the Universe,Here Comes the Sun
Come Together,Blackbird,Across the Universe,Here Comes the Sun
Hey Jude,Come Together,Blackbird,A Day In The Life,Here Comes the Sun
Yesterday,Blackbird
Hey Jude,Blackbird,Across the Universe,Here Comes the Sun
Hey Jude,Come Together,Yellow Submarine,A Day In The Life
Yesterday,Come Together,Blackbird,A Day In The Life,Here Comes the Sun
Yesterday,Blackbird,Across the Universe,Here Comes the Sun
Hey Jude,Across the Universe,Here Comes the Sun
Hey Jude,All You Need Is Love,Yellow Submarine
All You Need Is Love,Across the Universe,Here Comes the Sun
Come Together,All You Need Is Love,Blackbird,A Day In The Life,Here Comes the Sun
Yesterday,Come Together,Yellow Submarine,A Day In The Life,Across the Universe,Here Comes the Sun
Hey Jude,All You Need Is Love,A Day In The Life
Hey Jude,Come Together,All You Need Is Love
Yesterday,All You Need Is Love,Yellow Submarine,A Day In The Life,Across the Universe,Here Comes the Sun
Yesterday,Yellow Submarine
Yesterday,All You Need Is Love,Blackbird,Yellow Submarine,A Day In The Life
Yesterday,Blackbird,Yellow Submarine
Hey Jude,Come Together,Here Comes the Sun
Yesterday,Hey Jude,All You Need Is Love,Yellow Submarine
Yesterday,All You Need Is Love,A Day In The Life,Here Comes the Sun
Yesterday,Hey Jude,All You Need Is Love,A Day In The Life,Here Comes the Sun
Hey Jude,Yellow Submarine,A Day In The Life,Across the Universe,Here Comes the Sun
Hey Jude,Here Comes the Sun
Yesterday,Come Together,Across the Universe
All You Need Is Love,Blackbird,Yellow Submarine,A Day In The Life,Here Comes the Sun
Come Together,All You Need Is Love
Yesterday,Hey Jude,Blackbird,A Day In The Life
Come Together,All You Need Is Love,Yellow Submarine,A Day In The Life,Across the Universe,Here Comes the Sun
Hey Jude,A Day In The Life,Across the Universe,Here Comes the Sun
Yesterday,Come Together,All You Need Is Love,Blackbird,Yellow Submarine,A Day In The Life,Across the Universe
Yesterday,Blackbird,Yellow Submarine,Across the Universe
Blackbird,Yellow Submarine,A Day In The Life,Here Comes the Sun
Yesterday,Hey Jude,Come Together,Yellow Submarine,Across the Universe,Here Comes the Sun
Yesterday,Come Together,Here Comes the Sun
Hey Jude,All You Need Is Love,Yellow Submarine,A Day In The Life,Across the Universe
Come Together,Blackbird,Yellow Submarine
Yesterday,Here Comes the Sun
Hey Jude,Blackbird,Yellow Submarine,Here Comes the Sun
Yesterday,Hey Jude,Come Together
Yesterday,Come Together,All You Need Is Love,Yellow Submarine,Across the Universe
Yesterday,Come Together,All You Need Is Love,Blackbird,Yellow Submarine
Hey Jude,A Day In The Life,Across the Universe,Here Comes the Sun
Yesterday,Hey Jude,Come Together,All You Need Is Love,Blackbird,A Day In The Life
Yesterday,All You Need Is Love,Blackbird,Across the Universe
Yellow Submarine
Yesterday,Hey Jude,All You Need Is Love,Blackbird,Yellow Submarine,Across the Universe
Come Together,All You Need Is Love,Blackbird,Yellow Submarine,A Day In The Life,Across the Universe,Here Comes the Sun
All You Need Is Love,Blackbird,A Day In The Life,Across the Universe,Here Comes the Sun
Hey Jude,All You Need Is Love,Blackbird,A Day In The Life,Here Comes the Sun
Yesterday,Hey Jude,Yellow Submarine
Yesterday,Hey Jude,All You Need Is Love,Yellow Submarine
Yesterday,All You Need Is Love
Hey Jude,Blackbird,Yellow Submarine,A Day In The Life,Here Comes the Sun
Yesterday,Come Together,Yellow Submarine,A Day In The Life,Across the Universe,Here Comes the Sun
Hey Jude,All You Need Is Love,Yellow Submarine
Yesterday,Hey Jude,Blackbird,A Day In The Life,Across the Universe
Yesterday,Yellow Submarine,A Day In The Life,Here Comes the Sun
Yesterday,Come Together,All You Need Is Love,Yellow Submarine
Hey Jude,Come Together,All You Need Is Love
Yesterday,Hey Jude,All You Need Is Love,Blackbird,Yellow Submarine,A Day In The Life,Here Comes the Sun
All You Need Is Love,Yellow Submarine,A Day In The Life,Across the Universe,Here Comes the Sun
Yesterday,Come Together,All You Need Is Love,Blackbird,Yellow Submarine,A Day In The Life,Here Comes the Sun
Come Together,All You Need Is Love,Yellow Submarine,A Day In The Life,Across the Universe,Here Comes the Sun
Hey Jude,All You Need Is Love,A Day In The Life,Across the Universe
All You Need Is Love,Across the Universe,Here Comes the Sun
Hey Jude,Come Together,All You Need Is Love,Blackbird
Yesterday,All You Need Is Love,A Day In The Life,Across the Universe
All You Need Is Love,Yellow Submarine,Across the Universe,Here Comes the Sun
Across the Universe,Here Comes the Sun
Hey Jude,Come Together,All You Need Is Love,Here Comes the Sun
