Acute Sinusitis,Fever,Swelling,Cough,Decreased taste,Headache,Runny nose,Tenderness to touch,Nasal congestion,Post nasal drip,Pain or discomfort,Bad breath,Decreased smell
Alcohol Intoxication,Abnormal gait (walking),Difficulty walking,Loss of balance,Memory problems,Slurred speech,Loss of coordination,Impaired judgement,Agitation,Double vision (without one eye covered),Stool leaking (incontinence)
Aseptic Meningitis,Fever,Agitation,Confusion,Headache,Stiff neck,Sensitive to light,Abnormal gait (walking),Headache (worst ever),Pain or discomfort,Stiffness or decreased movement,Fatigue
Aspirin Poisoning,Abnormal gait (walking),Decreased urination,Double vision (without one eye covered),Fever,Increased thirst,Ringing in ears,Loss of consciousness,Disorientation,Unusual behavior,Confusion,Dizziness,Dry mouth,Hearing loss,Lighthead
Avian Influenza,Body aches or pains,Confusion,Fatigue,Headache,Shortness of breath,Loss of consciousness,Pain or discomfort,Diarrhea,Fever
Bacterial Pneumonia,Joint aches,Pain or discomfort,Confusion,Fatigue,Shaking chills (rigors),Labored breathing,Fever,Body aches or pains,Cough
Benign Lipoma,Lump or bulge,Tenderness to touch,Visible deformity
Bulimia,Binge eating,Bloody or red colored vomit,Intentional vomiting (purging),Frequent laxative use,Restrictive dieting,Weight loss (intentional),Compulsive behavior,Damaged teeth enamel,Swelling,Decreased appetite,Fear of gaining weight,Excessive exercising,Distorted body image,Coffee grounds colored
Cold Exposure,Chills,Numbness or tingling,Color change,Cold feet,Blue colored skin,Shaking chills (rigors),Cold hands
Depression,Binge drinking (alcohol),Constipation,Depressed mood,Fatigue,Personality changes,Weight gain,Short attention span,Difficulty concentrating,Unusual behavior,Lack of pleasure,Frightening thoughts,Difficulty falling asleep,Early morning waking,Reduced productivity at work,Apathy,Inability to care for self,Erectile dysfunction,Anxiety,Decreased appetite,Difficulty sleeping
Drug Overdose,High blood pressure,Confusion,Fever,Rapid heart rate (pulse),Slow heart rate (pulse),Excessive sweating,Loss of consciousness,Disorientation,Low blood pressure,Pain or discomfort,Diarrhea,Nausea or vomiting
Gallstones,Bloating or fullness,Nausea or vomiting,Tenderness to touch,Pain or discomfort,Yellow skin,Yellow eyes
Giardiasis,Bloating or fullness,Decreased appetite,Nausea or vomiting,Tenderness to touch,Stomach cramps,Pain or discomfort,Diarrhea,Increased passing gas
Glycogen Storage Disease Type 2,Difficulty breathing,Shortness of breath,Muscle weakness,Difficulty climbing stairs,Cough,Difficulty swallowing,Abnormal gait (walking)
Hemophilia,Easy bleeding,Blood or red colored urine,Black (tar) colored stools,Easy bruising,Prolonged bleeding,Bleeding gums,Bloody or red colored stools,Bruising or discoloration
Hypothyroidism,Coarse hair,Body aches or pains,Confusion,Depressed mood,Dry skin,Stiff neck,Difficulty swallowing,Yellow skin,Difficulty concentrating,Tires quickly,Hot dry skin,Low blood pressure,Yellow eyes,Weakness (generalized),Swelling,Increased sensitivity to cold,Constipation,Difficulty
Iron Deficiency Anemia,Dizziness,Headache,Pale skin,Shortness of breath,Muscle cramps or spasms (painful),Upward curving (spooning) of nails,Soreness or burning inside of mouth,Difficulty sleeping,Fatigue,Lightheadedness,Rapid heart rate (pulse)
Irritable Bowel Syndrome,Bloating or fullness,Constipation,Frequent bowel movements,Increased passing gas,Change in bowel habits,Upset stomach,Pain or discomfort,Diarrhea,Frequent urge to have bowel movement
Lupus,Body aches or pains,Pain or discomfort,Joint aches,Bleeding gums,Fever,Skin rash,Muscle weakness,Easy bleeding,Swelling,Stiffness or decreased movement
Lyme Disease,Chills,Swelling,Joint aches,Difficulty sleeping,Eye irritation,Fever,Memory problems,Numbness or tingling,Skin rash,Fainting,Difficulty concentrating,Unable to blink or close eyelid,Pain or discomfort,Weakness,Body aches or pains,Enlarged or swollen
Mumps,Joint aches,Swelling,Enlarged or swollen glands,Fever,Nausea or vomiting,Difficulty swallowing,Unable to blink or close eyelid,Lump or bulge,Decreased appetite,Fatigue,Headache
Obesity,High blood pressure,Shortness of breath,Tires quickly,Heartburn,Joint pain,Overweight
Plague,Chills,Enlarged or swollen glands,Headache,Skin redness,Weakness (generalized),Cough,Fever,Shortness of breath,Tender glands
Porphyria,Body aches or pains,Constipation,Nausea or vomiting,Personality changes,Skin blisters,Dark colored (brown) urine,Pain or discomfort,Depressed mood,Numbness or tingling
Preleukemia,Easy bleeding,Blood or red colored urine,Black (tar) colored stools,Fatigue,Nosebleed,Bleeding gums,Bloody or red colored stools,Easy bruising
Rheumatoid Arthritis,Joint aches,Swelling,Difficulty walking,Fever,Joint pain,Morning joint stiffness,Unable to grip (hands),Difficulty climbing stairs,Pain or discomfort,Stiffness or decreased movement,Fatigue
Ricin Poisoning,Body aches or pains,Cough,Nausea or vomiting,Nasal congestion,Pain or discomfort,Diarrhea,Shortness of breath
Sarcoidosis,Body aches or pains,Stiffness or decreased movement,Dry mouth,Fever,Gritty or scratchy eyes,Skin bumps,Weight loss (unintentional),Joint pain,Dry eyes,Yellow eyes,Swelling,Cough,Fatigue,Skin rash
Sickle Cell Disease,Easy bleeding,Bleeding gums,Decreased urination,Dry mouth,Increased thirst,Shortness of breath,Joint pain,Erectile dysfunction,Swelling,Cough,Diarrhea
Small Intestine Cancer,Bloating or fullness,Bloody or red colored stools,Decreased appetite,Fatigue,Pale skin,Yellow skin,Pain or discomfort,Black (tar) colored stools,Dizziness,Nausea or vomiting
Syphilis,Body aches or pains,Joint aches,Fatigue,Lump or bulge,Skin blisters,Tender glands,Unable to blink or close eyelid,Yellow eyes,Pain or discomfort,Enlarged or swollen glands,Fever
Tuberculosis,Chills,Cough,Enlarged or swollen glands,Fever,Tender glands,Yellow skin,Yellow eyes,Pain or discomfort,Decreased appetite,Fatigue,Shortness of breath
Typhoid Fever,Joint aches,Confusion,Diarrhea,Fever,Disorientation,Pain or discomfort,Decreased appetite,Fatigue
Urinary Tract Infection (UTI),Fever,Blood or red colored urine,Difficulty starting urine stream,Frequent urge to urinate,Pain with urination,Pain or discomfort,Cloudy urine with strong odor,Frequent urination,Urine leaking
Viral Syndrome,Joint aches,Fatigue,Skin rash,Body aches or pains,Fever
West Nile Virus,Chills,Body aches or pains,Cough,Headache,Personality changes,Runny nose,Sensitive to noise,Watery eyes,Disorientation,Seizures (uncontrollable jerking of limbs),Weakness (generalized),Joint aches,Confusion,Fever

