apple,banana,watermelon
banana,cherry,orange
apple,banana,cherry,watermelon
apple,banana
apple,orange
apple,banana
apple,orange
apple
apple,orange
banana,cherry,watermelon,orange
apple,cherry,watermelon
apple,banana
apple,cherry,orange
apple,orange
banana,watermelon,orange
apple,cherry
apple,banana,cherry,watermelon
banana,watermelon
banana,orange
apple,watermelon
apple,cherry,watermelon
apple
cherry,watermelon
apple,banana,cherry,watermelon
apple,orange
cherry
apple,cherry
apple,banana,cherry,watermelon,orange
apple,banana,cherry,orange
apple,orange
apple,banana,cherry
apple,banana,orange
cherry,watermelon
apple,banana
apple
apple,banana,orange
apple,banana,cherry
apple,orange
apple,watermelon,orange
banana,cherry
banana,cherry
banana
apple,banana,cherry,watermelon
banana,watermelon,orange
apple,orange
apple,banana
cherry
cherry
apple,cherry,watermelon
apple,banana,watermelon,orange
