action,romance,drama,,
action,,,,
romance,,,,
romance,,,,
action,comedy,romance,drama,
action,,,,
action,comedy,romance,drama,horror
action,comedy,romance,drama,horror
romance,,,,
action,comedy,,,
comedy,,,,
comedy,romance,drama,,
action,comedy,romance,drama,horror
drama,,,,
action,comedy,romance,horror,
action,drama,horror,,
comedy,drama,,,
action,horror,,,
action,comedy,drama,,
romance,drama,,,
action,horror,,,
action,,,,
action,horror,,,
romance,,,,
romance,drama,,,
action,comedy,drama,horror,
comedy,,,,
action,comedy,horror,,
romance,drama,,,
drama,,,,
action,comedy,horror,,
action,comedy,drama,,
comedy,romance,,,
drama,,,,
romance,,,,
romance,drama,,,
comedy,drama,,,
action,horror,,,
action,romance,horror,,
action,comedy,horror,,
romance,drama,,,
action,romance,,,
comedy,romance,drama,,
action,comedy,drama,horror,
comedy,,,,
action,comedy,romance,horror,
action,horror,,,
romance,,,,
comedy,drama,,,
action,comedy,horror,,
romance,drama,,,
action,horror,,,
comedy,horror,,,
action,drama,,,
action,romance,drama,horror,
action,horror,,,
action,romance,drama,,
romance,,,,
action,,,,
comedy,romance,drama,,
action,horror,,,
action,romance,drama,,
action,,,,
comedy,romance,,,
action,horror,,,
romance,drama,,,
comedy,drama,,,
comedy,romance,horror,,
action,comedy,,,
action,comedy,drama,,
action,comedy,romance,,
action,romance,,,
horror,,,,
comedy,,,,
action,comedy,horror,,
romance,,,,
action,comedy,romance,,
romance,drama,,,
romance,drama,,,
romance,,,,
action,horror,,,
action,comedy,,,
drama,,,,
action,comedy,drama,,
comedy,drama,,,
action,comedy,drama,,
action,comedy,,,
romance,drama,,,
