Facebook,Snapchat,LinkedIn
Facebook,Snapchat,Instagram,Pinterest,LinkedIn,Twitter
Facebook,LinkedIn,Twitter
Instagram,Pinterest,LinkedIn
Snapchat,Tumbler,LinkedIn,Twitter
Instagram,Tumbler,LinkedIn
Facebook,Instagram,LinkedIn
Facebook,Instagram,Tumbler,LinkedIn
Tumbler
Snapchat,Tumbler
Facebook,Snapchat,Pinterest,Twitter
Tumbler,LinkedIn
Facebook,Snapchat,LinkedIn,Twitter
Facebook,Snapchat,Instagram,Pinterest,LinkedIn,Twitter
Instagram,Pinterest,LinkedIn
LinkedIn,Twitter
LinkedIn
Snapchat,Pinterest,LinkedIn
Facebook,Pinterest,Tumbler
Facebook,Snapchat,Instagram,Pinterest
Facebook,Pinterest,Tumbler,LinkedIn,Twitter
Facebook,Snapchat,Pinterest,Tumbler,LinkedIn,Twitter
Pinterest,Tumbler
Pinterest,LinkedIn,Twitter
Tumbler,Twitter
Snapchat,Tumbler
Snapchat,Instagram,Pinterest,LinkedIn
Snapchat,Instagram,Tumbler,LinkedIn,Twitter
Instagram,Pinterest,Tumbler,Twitter
Facebook,Snapchat,Instagram,LinkedIn,Twitter
Instagram,Tumbler
Snapchat,Instagram,Pinterest,Tumbler,LinkedIn,Twitter
LinkedIn,Twitter
Snapchat,LinkedIn
Snapchat,Instagram,Tumbler,Twitter
Facebook,Snapchat,LinkedIn,Twitter
Facebook,LinkedIn
Facebook,LinkedIn
Facebook,Snapchat,Instagram,Pinterest,Tumbler,LinkedIn
Snapchat
Pinterest,LinkedIn
Facebook,LinkedIn,Twitter
Facebook,Snapchat,Pinterest
Pinterest,Twitter
Facebook,Instagram,Pinterest,LinkedIn
Facebook,Instagram,Pinterest,Tumbler,Twitter
Facebook,Instagram,Twitter
Snapchat,Pinterest,LinkedIn,Twitter
Snapchat,LinkedIn
LinkedIn
Snapchat,Instagram,Pinterest
Snapchat,Instagram,Pinterest,Tumbler,LinkedIn
Facebook,Pinterest,LinkedIn,Twitter
Facebook,Pinterest,Tumbler,LinkedIn,Twitter
Facebook,Snapchat,Instagram,Pinterest,LinkedIn,Twitter
Snapchat,Instagram,Pinterest,LinkedIn
Snapchat,Instagram,LinkedIn,Twitter
Snapchat,Instagram
Instagram,Tumbler,Twitter
Snapchat,Instagram,Tumbler,LinkedIn,Twitter
Snapchat,Instagram,Pinterest,Tumbler,Twitter
Facebook,Twitter
LinkedIn,Twitter
Pinterest,Twitter
Facebook,Instagram,Pinterest,Tumbler,LinkedIn,Twitter
Snapchat,Instagram,Pinterest,Tumbler,LinkedIn,Twitter
Facebook,Instagram,Pinterest,LinkedIn,Twitter
Snapchat,Instagram,Pinterest,Tumbler,LinkedIn
Tumbler,Twitter
Facebook,Instagram,Twitter
Pinterest,Tumbler
Facebook,Tumbler,Twitter
Instagram,Pinterest
Facebook,Snapchat,Pinterest,Tumbler
Snapchat,Instagram,Pinterest,Tumbler,Twitter
Snapchat,Instagram,Tumbler,Twitter
Facebook,LinkedIn,Twitter
Facebook,LinkedIn,Twitter
Facebook,Instagram,Twitter
Facebook,Snapchat,Instagram,Pinterest,Twitter
Snapchat,Instagram,Twitter
Facebook,Instagram,Pinterest,Tumbler,LinkedIn
Pinterest,LinkedIn
Facebook,Snapchat,Pinterest,Tumbler,LinkedIn
Snapchat,Instagram,Tumbler
Pinterest,LinkedIn,Twitter
Facebook,Snapchat,Instagram,Tumbler,LinkedIn
Facebook,Pinterest,Tumbler,LinkedIn
Twitter
Facebook,Snapchat,Instagram,LinkedIn
Facebook,Instagram,LinkedIn,Twitter
Facebook,Snapchat,Instagram,Pinterest,Tumbler,Twitter
Pinterest,Tumbler,LinkedIn,Twitter
Pinterest,LinkedIn,Twitter
Snapchat,LinkedIn,Twitter
Facebook,Snapchat,Instagram,Tumbler,LinkedIn
Snapchat,Instagram,Pinterest,Tumbler,LinkedIn,Twitter
Facebook,Snapchat,Instagram,Pinterest,Tumbler,LinkedIn
Instagram,Tumbler
Instagram,Tumbler,LinkedIn
